id,codigo,cliente_id,vendedor_id,producto_id,territorio_id,canal_id,etapa_id,estado_id,fecha_registro,valor_oportunidad,venta_cerrada,descuento_promocion
1,CRM-0001,1,1,1,1,1,2,1,2026-07-08,,,
2,CRM-0002,2,1,2,1,1,2,1,2026-07-08,,,
3,CRM-0003,3,1,3,1,1,2,1,2026-07-08,,,
4,CRM-0004,4,1,2,1,1,2,1,2026-07-08,,,
5,CRM-0005,5,1,4,,1,2,1,2026-07-08,,,
6,CRM-0006,6,1,5,,1,1,1,2026-07-08,,,
7,CRM-0007,7,1,5,,1,2,1,2026-07-08,,,
8,CRM-0008,8,1,6,,1,1,1,2026-07-08,,,
9,CRM-0009,9,1,7,1,1,3,1,2026-07-08,,,
10,CRM-0010,10,1,4,,1,2,1,2026-07-08,,,
11,CRM-0011,11,1,4,,1,1,1,2026-07-08,,,
12,CRM-0012,12,1,4,,1,1,1,2026-07-08,,,
13,CRM-0013,13,1,4,,1,2,1,2026-07-08,,,
14,CRM-0014,14,1,2,,1,2,1,2026-07-08,,,
15,CRM-0015,15,1,4,,1,2,1,2026-07-08,,,
16,CRM-0016,16,1,3,2,1,4,1,2026-07-08,,,
17,CRM-0017,17,1,8,,1,1,1,2026-07-08,,,
18,CRM-0018,18,1,2,,1,1,1,2026-07-08,,,
19,CRM-0019,19,1,3,2,1,3,1,2026-07-08,,,
20,CRM-0020,20,1,6,,1,2,1,2026-07-08,,,
21,CRM-0021,21,1,3,,1,1,1,2026-07-08,,,
22,CRM-0022,22,1,2,,1,2,1,2026-07-08,,,
23,CRM-0023,23,1,1,1,1,2,1,2026-07-08,,,
24,CRM-0024,24,1,3,2,1,2,1,2026-07-08,,,
25,CRM-0025,25,1,2,1,1,2,1,2026-07-08,,,
26,CRM-0026,26,1,2,2,1,2,1,2026-07-08,,,
27,CRM-0027,27,1,3,,1,2,1,2026-07-08,,,
28,CRM-0028,28,1,2,,2,2,1,2026-07-09,,,
29,CRM-0029,29,1,2,,2,2,1,2026-07-09,,,
30,CRM-0030,30,1,3,3,2,2,1,2026-07-09,,,
31,CRM-0031,31,1,3,2,2,4,1,2026-07-08,,,
32,CRM-0032,32,1,9,1,3,5,4,2026-07-08,200.0,182.5,10%
33,CRM-0033,33,1,2,1,3,2,1,2026-07-09,,,
34,CRM-0034,34,1,2,4,3,5,4,2026-07-04,495.0,395.0,Bono de $100 a la matricula
35,CRM-0035,35,1,8,,3,5,4,2026-07-06,105.0,105.0,
36,CRM-0036,36,1,8,,3,5,4,2026-07-06,235.0,235.0,
37,CRM-0037,37,1,8,,3,5,4,2026-07-07,235.0,235.0,
38,CRM-0038,38,1,3,,3,5,4,2026-07-08,382.0,337.3,10%
39,CRM-0039,39,1,10,,2,5,2,2026-07-08,415.0,130.0,Bono de $100 a la matricula
40,CRM-0040,40,1,,1,2,1,1,2026-07-10,,,
41,CRM-0041,41,2,10,,3,5,2,2026-07-01,415.0,130.0,Bono de $100 a la matricula
42,CRM-0042,42,2,2,,4,5,2,2026-07-04,,165.0,Bono de $100 a la matricula
43,CRM-0043,43,2,8,,3,5,4,2026-07-06,130.0,130.0,
44,CRM-0044,44,3,8,,4,5,4,2026-07-01,420.0,420.0,
45,CRM-0045,45,3,11,,3,5,4,2026-07-01,300.0,300.0,
46,CRM-0046,46,4,8,,4,5,4,2026-07-02,130.0,130.0,
47,CRM-0047,47,4,8,,3,5,4,2026-07-02,340.0,340.0,
48,CRM-0048,48,4,8,,3,5,4,2026-07-04,105.0,105.0,
49,CRM-0049,49,4,8,,3,5,4,2026-07-08,340.0,340.0,
50,CRM-0050,50,4,8,,3,5,4,2026-07-08,340.0,340.0,
51,CRM-0051,51,4,10,,5,5,2,2026-07-08,415.0,230.0,Membresia Gratis PB
52,CRM-0052,46,3,8,,3,5,4,2026-07-08,210.0,210.0,
53,CRM-0053,35,1,8,,3,5,4,2026-07-10,105.0,105.0,
54,CRM-0054,31,1,3,,2,5,2,2026-07-10,382.0,197.0,
55,CRM-0055,52,1,7,2,1,2,1,2026-07-10,,,
56,CRM-0056,53,1,3,1,1,2,1,2026-07-10,,,
57,CRM-0057,54,1,2,1,1,2,1,2026-07-10,,,
58,CRM-0058,55,1,5,1,1,2,1,2026-07-10,,,
59,CRM-0059,56,1,5,,1,2,1,2026-07-10,,,
60,CRM-0060,57,1,12,4,1,2,1,2026-07-10,,,
61,CRM-0061,58,1,4,5,2,2,1,2026-07-10,,,
62,CRM-0062,59,1,8,,1,2,1,2026-07-10,,,
63,CRM-0063,60,1,3,1,1,2,1,2026-07-10,,,
64,CRM-0064,61,1,9,1,2,2,1,2026-07-10,,,
65,CRM-0065,62,1,3,1,1,2,1,2026-07-10,,,
66,CRM-0066,63,1,1,2,1,2,1,2026-07-10,,,
67,CRM-0067,64,1,8,2,2,2,1,2026-07-10,,,
68,CRM-0068,65,1,13,1,1,2,1,2026-07-10,,,
69,CRM-0069,66,4,12,2,1,2,1,2026-07-10,,,
70,CRM-0070,67,1,2,2,2,2,1,2026-07-10,,,
71,CRM-0071,68,1,4,1,2,2,1,2026-07-10,,,
72,CRM-0072,69,1,13,1,1,2,1,2026-07-10,,,
73,CRM-0073,70,1,13,1,2,2,1,2026-07-10,,,
74,CRM-0074,71,1,2,1,2,2,1,2026-07-10,,,
75,CRM-0075,72,1,3,,1,2,1,2026-07-10,,,
76,CRM-0076,73,1,5,1,1,2,1,2026-07-10,,,
77,CRM-0077,74,1,13,1,2,2,1,2026-07-10,,,
78,CRM-0078,75,1,5,6,2,2,1,2026-07-10,,,
79,CRM-0079,76,1,9,1,1,2,1,2026-07-10,,,
80,CRM-0080,77,4,12,3,2,2,1,2026-07-10,,,
81,CRM-0081,78,1,5,1,2,2,1,2026-07-10,,,
82,CRM-0082,79,1,3,1,2,2,1,2026-07-10,,,
83,CRM-0083,80,1,3,1,2,2,1,2026-07-10,,,
84,CRM-0084,81,1,3,1,2,2,1,2026-07-10,,,
85,CRM-0085,82,1,3,1,1,2,1,2026-07-10,,,
86,CRM-0086,82,1,8,1,2,2,1,2026-07-10,,,
87,CRM-0087,83,1,3,2,2,2,1,2026-07-10,,,
88,CRM-0088,84,1,2,5,1,2,1,2026-07-10,,,
89,CRM-0089,85,1,4,7,2,2,1,2026-07-10,,,
90,CRM-0090,86,1,3,1,2,2,1,2026-07-10,,,
91,CRM-0091,87,1,3,2,2,2,1,2026-07-10,,,
92,CRM-0092,88,1,,,1,1,1,2026-07-10,,,
93,CRM-0093,89,1,4,2,1,2,1,2026-07-10,,,
94,CRM-0094,90,4,12,8,1,2,1,2026-07-11,,,
95,CRM-0095,91,1,2,2,1,2,1,2026-07-11,,,
96,CRM-0096,92,1,3,1,1,2,1,2026-07-11,,,
97,CRM-0097,93,1,3,1,1,2,1,2026-07-11,,,
98,CRM-0098,94,4,12,2,1,2,1,2026-07-11,,,
99,CRM-0099,95,1,1,,1,2,1,2026-07-11,,,
100,CRM-0100,96,4,12,4,1,2,1,2026-07-11,,,
101,CRM-0101,97,1,3,1,1,2,1,2026-07-11,,,
102,CRM-0102,98,1,2,2,1,2,1,2026-07-11,,,
103,CRM-0103,99,1,13,,1,2,1,2026-07-11,,,
104,CRM-0104,100,1,3,,1,2,1,2026-07-11,,,
105,CRM-0105,101,1,7,1,1,2,1,2026-07-11,,,
106,CRM-0106,102,1,9,1,1,2,1,2026-07-11,,,
107,CRM-0107,103,4,12,1,1,2,1,2026-07-11,,,
108,CRM-0108,104,1,4,3,1,2,1,2026-07-11,,,
109,CRM-0109,105,1,1,1,1,2,1,2026-07-11,,,
110,CRM-0110,106,1,6,,1,2,1,2026-07-11,,,
111,CRM-0111,107,1,10,1,1,2,1,2026-07-11,,,
112,CRM-0112,108,4,12,9,1,2,1,2026-07-11,,,
113,CRM-0113,109,4,12,1,1,2,1,2026-07-11,,,
114,CRM-0114,110,1,13,1,1,2,1,2026-07-11,,,
115,CRM-0115,111,1,3,2,1,2,1,2026-07-11,,,
116,CRM-0116,112,1,12,1,1,2,1,2026-07-11,,,
117,CRM-0117,113,1,3,1,1,2,1,2026-07-11,,,
118,CRM-0118,114,1,3,1,1,2,1,2026-07-11,,,
119,CRM-0119,115,1,2,2,1,2,1,2026-07-11,,,
120,CRM-0120,116,1,3,1,2,2,1,2026-07-11,,,
121,CRM-0121,117,1,2,1,2,2,1,2026-07-11,,,
122,CRM-0122,118,1,9,10,2,2,1,2026-07-11,,,
123,CRM-0123,119,1,10,1,2,2,1,2026-07-11,,,
124,CRM-0124,120,1,3,1,2,2,1,2026-07-11,,,
125,CRM-0125,121,1,6,,1,2,1,2026-07-11,,,
126,CRM-0126,122,1,8,1,2,2,1,2026-07-11,,,
127,CRM-0127,123,1,10,1,2,2,1,2026-07-11,,,
128,CRM-0128,124,1,1,5,2,2,1,2026-07-11,,,
129,CRM-0129,125,1,7,1,2,2,1,2026-07-11,,,
130,CRM-0130,126,1,4,5,2,2,1,2026-07-11,,,
131,CRM-0131,127,1,2,1,2,2,1,2026-07-11,,,
132,CRM-0132,128,1,7,4,2,2,1,2026-07-11,,,
133,CRM-0133,129,4,12,1,2,2,1,2026-07-11,,,
134,CRM-0134,130,4,12,1,2,2,1,2026-07-11,,,
135,CRM-0135,131,4,12,1,2,2,1,2026-07-11,,,
136,CRM-0136,132,1,8,2,2,2,1,2026-07-11,,,
137,CRM-0137,133,1,13,3,2,2,1,2026-07-11,,,
138,CRM-0138,134,1,9,1,2,2,1,2026-07-11,,,
139,CRM-0139,135,1,10,2,2,2,1,2026-07-11,,,
140,CRM-0140,136,1,3,1,2,2,1,2026-07-11,,,
141,CRM-0141,137,1,,,2,,1,2026-07-11,,,
142,CRM-0142,138,1,3,1,2,2,1,2026-07-11,,,
143,CRM-0143,139,1,7,8,2,2,1,2026-07-11,,,
144,CRM-0144,140,1,8,1,2,2,1,2026-07-11,,,
145,CRM-0145,141,1,4,2,2,2,1,2026-07-11,,,
146,CRM-0146,142,1,13,1,2,2,1,2026-07-11,,,
147,CRM-0147,143,1,4,,2,2,1,2026-07-11,,,
148,CRM-0148,144,1,3,11,2,2,1,2026-07-11,,,
149,CRM-0149,145,1,13,1,2,2,1,2026-07-11,,,
150,CRM-0150,146,4,12,3,2,2,1,2026-07-11,,,
151,CRM-0151,147,1,13,1,2,2,1,2026-07-11,,,
152,CRM-0152,40,1,6,1,2,1,1,2026-07-11,,,
153,CRM-0153,148,1,2,,1,2,1,2026-07-11,,,
154,CRM-0154,149,1,12,,1,2,1,2026-07-11,,,
155,CRM-0155,150,1,5,,1,2,1,2026-07-11,,,
156,CRM-0156,151,1,1,3,2,2,1,2026-07-11,,,
157,CRM-0157,152,1,12,2,2,2,1,2026-07-11,,,
158,CRM-0158,153,4,12,3,2,2,1,2026-07-11,,,
159,CRM-0159,154,1,9,12,2,2,1,2026-07-11,,,
160,CRM-0160,155,1,4,1,2,2,1,2026-07-11,,,
161,CRM-0161,156,1,12,1,2,2,1,2026-07-11,,,
162,CRM-0162,157,1,13,5,2,2,1,2026-07-11,,,
163,CRM-0163,158,1,9,2,2,2,1,2026-07-11,,,
164,CRM-0164,159,1,1,7,2,2,1,2026-07-11,,,
165,CRM-0165,160,1,3,6,2,2,1,2026-07-11,,,
166,CRM-0166,161,1,5,2,2,2,1,2026-07-11,,,
167,CRM-0167,162,1,13,1,2,2,1,2026-07-11,,,
168,CRM-0168,163,1,13,1,2,2,1,2026-07-11,,,
169,CRM-0169,164,1,3,1,2,2,1,2026-07-11,,,
170,CRM-0170,165,1,3,2,2,2,1,2026-07-11,,,
171,CRM-0171,166,1,3,1,2,2,1,2026-07-11,,,
172,CRM-0172,167,1,12,6,2,2,1,2026-07-11,,,
173,CRM-0173,168,1,2,1,2,2,1,2026-07-11,,,
174,CRM-0174,169,1,13,1,2,2,1,2026-07-11,,,
175,CRM-0175,170,1,1,1,2,2,1,2026-07-11,,,
176,CRM-0176,171,1,3,1,2,2,1,2026-07-11,,,
177,CRM-0177,172,1,13,2,2,2,1,2026-07-11,,,
178,CRM-0178,173,1,10,1,2,2,1,2026-07-11,,,
179,CRM-0179,174,1,13,1,2,2,1,2026-07-11,,,
180,CRM-0180,175,1,13,2,2,2,1,2026-07-11,,,
181,CRM-0181,176,1,13,5,2,2,1,2026-07-11,,,
182,CRM-0182,177,1,1,1,2,2,1,2026-07-11,,,
183,CRM-0183,178,1,9,1,2,2,1,2026-07-11,,,
184,CRM-0184,179,1,4,3,2,2,1,2026-07-11,,,
185,CRM-0185,180,1,9,5,2,2,1,2026-07-11,,,
186,CRM-0186,181,1,9,1,2,2,1,2026-07-11,,,
187,CRM-0187,182,1,3,,2,2,1,2026-07-11,,,
188,CRM-0188,183,1,4,2,2,2,1,2026-07-11,,,
189,CRM-0189,184,1,3,1,2,2,1,2026-07-11,,,
190,CRM-0190,185,1,3,1,2,2,1,2026-07-11,,,
191,CRM-0191,186,1,1,1,2,2,1,2026-07-11,,,
192,CRM-0192,187,1,1,1,2,2,1,2026-07-11,,,
193,CRM-0193,188,1,1,1,2,2,1,2026-07-11,,,
194,CRM-0194,189,1,4,2,2,2,1,2026-07-11,,,
195,CRM-0195,190,1,1,4,1,2,1,2026-07-11,,,
196,CRM-0196,191,1,2,1,1,2,1,2026-07-11,,,
197,CRM-0197,192,1,12,,1,1,1,2026-07-11,,,
198,CRM-0198,193,1,12,,1,2,1,2026-07-11,,,
199,CRM-0199,194,1,4,2,1,2,1,2026-07-11,,,
200,CRM-0200,195,1,3,2,1,2,1,2026-07-11,,,
201,CRM-0201,196,1,13,10,1,2,1,2026-07-11,,,
202,CRM-0202,43,1,8,1,3,4,1,2026-07-13,130.0,130.0,
203,CRM-0203,197,1,2,1,2,1,1,2026-07-13,,,
204,CRM-0204,198,1,2,1,2,1,1,2026-07-13,,,
205,CRM-0205,199,1,5,8,2,1,1,2026-07-13,,,
206,CRM-0206,200,1,8,1,2,1,1,2026-07-13,,,
207,CRM-0207,201,1,8,2,2,1,1,2026-07-13,,,
208,CRM-0208,202,1,3,2,2,1,1,2026-07-13,,,
209,CRM-0209,203,1,13,2,2,1,1,2026-07-13,,,
210,CRM-0210,204,1,13,1,2,1,1,2026-07-13,,,
211,CRM-0211,205,1,13,2,2,1,1,2026-07-13,,,
212,CRM-0212,206,1,12,2,2,1,1,2026-07-13,,,
213,CRM-0213,207,1,9,2,2,1,1,2026-07-13,,,
214,CRM-0214,208,1,2,1,2,1,1,2026-07-13,,,
215,CRM-0215,209,1,8,2,2,1,1,2026-07-13,,,
216,CRM-0216,210,1,9,2,2,2,1,2026-07-13,,,
217,CRM-0217,211,1,8,1,2,1,1,2026-07-13,,,
218,CRM-0218,212,1,4,4,2,1,1,2026-07-13,,,
219,CRM-0219,213,1,8,1,2,1,1,2026-07-13,,,
220,CRM-0220,214,1,13,7,2,1,1,2026-07-13,,,
221,CRM-0221,215,1,3,1,2,1,1,2026-07-13,,,
222,CRM-0222,216,1,12,1,4,3,1,2026-07-13,,,
223,CRM-0223,215,1,3,1,2,1,1,2026-07-13,,,
224,CRM-0224,217,1,12,1,2,1,1,2026-07-13,,,
225,CRM-0225,218,1,2,2,2,1,1,2026-07-13,,,
226,CRM-0226,219,1,2,1,1,1,1,2026-07-13,,,
227,CRM-0227,220,1,3,2,1,2,1,2026-07-13,,,
228,CRM-0228,221,1,13,1,1,1,1,2026-07-13,,,
229,CRM-0229,222,1,9,1,1,1,1,2026-07-13,,,
230,CRM-0230,223,1,12,2,1,1,1,2026-07-13,,,
231,CRM-0231,224,1,2,1,1,1,1,2026-07-13,,,
232,CRM-0232,225,1,13,1,1,1,1,2026-07-13,,,
233,CRM-0233,226,1,5,2,1,1,1,2026-07-13,,,
234,CRM-0234,227,1,13,1,1,1,1,2026-07-13,,,
235,CRM-0235,228,1,13,1,1,1,1,2026-07-13,,,
236,CRM-0236,229,1,13,1,1,1,1,2026-07-13,,,
237,CRM-0237,61,1,2,1,1,1,1,2026-07-13,,,
238,CRM-0238,230,1,2,1,1,1,1,2026-07-13,,,
239,CRM-0239,231,1,5,1,1,1,1,2026-07-13,,,
240,CRM-0240,232,1,1,8,1,1,1,2026-07-13,,,
241,CRM-0241,233,1,1,1,1,1,1,2026-07-13,,,
242,CRM-0242,106,1,2,1,1,1,1,2026-07-13,,,
243,CRM-0243,234,1,13,1,1,1,1,2026-07-13,,,
244,CRM-0244,235,1,3,2,1,1,1,2026-07-13,,,
245,CRM-0245,236,1,3,1,1,2,1,2026-07-14,,,
246,CRM-0246,237,1,13,3,1,2,1,2026-07-14,,,
247,CRM-0247,238,1,,,2,1,1,2026-07-14,,,
248,CRM-0248,239,1,2,3,1,2,1,2026-07-14,,,
249,CRM-0249,240,1,12,,1,2,1,2026-07-14,,,
250,CRM-0250,241,1,13,,1,2,1,2026-07-14,,,
251,CRM-0251,242,1,2,1,1,2,1,2026-07-14,,,
252,CRM-0252,243,1,13,1,1,2,1,2026-07-14,,,
253,CRM-0253,244,1,2,1,1,2,1,2026-07-14,,,
254,CRM-0254,245,1,13,1,1,2,1,2026-07-14,,,
255,CRM-0255,246,1,2,,1,3,1,2026-07-14,,,
256,CRM-0256,247,1,1,1,1,2,1,2026-07-14,,,
257,CRM-0257,248,1,9,1,1,2,1,2026-07-14,,,
258,CRM-0258,249,1,9,,1,2,1,2026-07-14,,,
259,CRM-0259,250,1,2,1,2,2,1,2026-07-14,,,
260,CRM-0260,251,1,4,1,2,2,1,2026-07-14,,,
261,CRM-0261,252,1,5,4,2,2,1,2026-07-14,,,
262,CRM-0262,253,1,7,1,2,2,1,2026-07-14,,,
263,CRM-0263,254,1,13,13,1,2,1,2026-07-14,,,
264,CRM-0264,255,1,13,1,2,2,1,2026-07-14,,,
265,CRM-0265,256,1,3,1,2,2,1,2026-07-14,,,
266,CRM-0266,257,1,8,1,2,2,1,2026-07-14,,,
267,CRM-0267,258,1,3,2,2,2,1,2026-07-14,,,
268,CRM-0268,259,1,3,2,2,2,1,2026-07-14,,,
269,CRM-0269,260,1,4,1,2,2,1,2026-07-14,,,
270,CRM-0270,261,1,3,,1,2,1,2026-07-14,,,
271,CRM-0271,262,1,3,2,2,2,,2026-07-14,,,
272,CRM-0272,263,1,12,4,2,2,1,2026-07-14,,,
273,CRM-0273,264,1,2,1,2,2,1,2026-07-14,,,
274,CRM-0274,265,1,2,4,2,3,1,2026-07-14,,,
275,CRM-0275,266,1,4,1,2,2,1,2026-07-14,,,
276,CRM-0276,52,1,4,2,2,2,1,2026-07-14,,,
277,CRM-0277,267,1,5,4,2,2,1,2026-07-14,,,
278,CRM-0278,252,1,5,4,2,2,1,2026-07-14,,,
279,CRM-0279,147,1,13,1,2,2,1,2026-07-14,,,
280,CRM-0280,250,1,2,1,2,2,1,2026-07-14,,,
281,CRM-0281,268,1,10,10,2,2,1,2026-07-14,,,
282,CRM-0282,269,1,13,1,2,2,1,2026-07-14,,,
283,CRM-0283,270,1,8,1,2,2,1,2026-07-14,,,
284,CRM-0284,271,1,1,2,2,2,1,2026-07-14,,,
285,CRM-0285,272,1,13,2,2,2,1,2026-07-14,,,
286,CRM-0286,273,1,4,1,2,2,1,2026-07-14,,,
287,CRM-0287,274,1,8,1,2,2,1,2026-07-14,,,
288,CRM-0288,275,1,13,1,2,2,1,2026-07-14,,,
289,CRM-0289,276,1,2,1,2,2,1,2026-07-14,,,
290,CRM-0290,277,1,12,1,2,2,1,2026-07-14,,,
291,CRM-0291,278,1,3,1,2,2,1,2026-07-14,,,
292,CRM-0292,279,1,5,11,2,2,1,2026-07-15,,,
293,CRM-0293,280,1,3,1,2,2,1,2026-07-15,,,
294,CRM-0294,281,1,4,2,2,2,1,2026-07-15,,,
295,CRM-0295,282,1,3,8,2,2,1,2026-07-15,,,
296,CRM-0296,283,1,2,1,2,2,1,2026-07-15,,,
297,CRM-0297,284,1,1,1,2,2,1,2026-07-15,,,
298,CRM-0298,285,1,13,14,2,2,1,2026-07-15,,,
299,CRM-0299,286,1,7,1,2,2,1,2026-07-15,,,
300,CRM-0300,287,1,4,,2,2,1,2026-07-15,,,
301,CRM-0301,288,1,12,1,2,2,1,2026-07-15,,,
302,CRM-0302,289,1,3,1,2,2,1,2026-07-15,,,
303,CRM-0303,290,1,1,2,2,2,1,2026-07-15,,,
304,CRM-0304,291,1,13,1,2,2,1,2026-07-15,,,
305,CRM-0305,292,1,1,2,2,2,1,2026-07-15,,,
306,CRM-0306,293,1,6,10,2,2,1,2026-07-15,,,
307,CRM-0307,294,1,6,,2,2,1,2026-07-15,,,
308,CRM-0308,295,1,3,1,2,2,1,2026-07-15,,,
309,CRM-0309,296,1,12,1,2,2,1,2026-07-15,,,
310,CRM-0310,297,1,12,8,2,2,1,2026-07-15,,,
311,CRM-0311,298,1,4,8,2,2,1,2026-07-15,,,
312,CRM-0312,299,1,12,1,2,2,1,2026-07-15,,,
313,CRM-0313,300,1,4,1,2,2,1,2026-07-15,,,
314,CRM-0314,301,1,4,2,2,2,1,2026-07-15,,,
315,CRM-0315,302,1,13,11,2,2,1,2026-07-15,,,
316,CRM-0316,303,1,4,1,2,2,1,2026-07-15,,,
317,CRM-0317,304,1,4,1,2,2,1,2026-07-15,,,
318,CRM-0318,305,1,1,1,2,2,1,2026-07-15,,,
319,CRM-0319,306,1,9,1,2,2,1,2026-07-15,,,
320,CRM-0320,307,1,8,1,2,2,1,2026-07-15,,,
321,CRM-0321,308,1,3,2,2,2,1,2026-07-15,,,
322,CRM-0322,309,1,7,2,2,2,1,2026-07-15,,,
323,CRM-0323,310,1,1,4,2,2,1,2026-07-15,,,
324,CRM-0324,311,1,2,1,2,2,1,2026-07-15,,,
325,CRM-0325,312,1,10,1,2,2,1,2026-07-15,,,
326,CRM-0326,313,1,3,1,2,2,1,2026-07-15,,,
327,CRM-0327,314,1,13,8,2,2,1,2026-07-15,,,
328,CRM-0328,315,1,12,2,2,2,1,2026-07-15,,,
329,CRM-0329,316,1,3,4,2,2,1,2026-07-15,,,
330,CRM-0330,317,1,2,10,2,3,1,2026-07-15,,,
331,CRM-0331,318,1,13,1,2,2,1,2026-07-15,,,
332,CRM-0332,319,1,10,1,1,2,1,2026-07-15,,,
333,CRM-0333,320,1,,,1,2,1,2026-07-15,,,
334,CRM-0334,321,1,2,,1,5,3,2026-07-15,,,
335,CRM-0335,322,1,3,1,1,2,1,2026-07-15,,,
336,CRM-0336,323,1,13,2,1,2,1,2026-07-15,,,
337,CRM-0337,324,1,11,,1,2,1,2026-07-15,,,
338,CRM-0338,325,1,12,1,1,2,1,2026-07-15,,,
339,CRM-0339,326,1,3,1,1,3,1,2026-07-16,,,
340,CRM-0340,327,1,13,1,1,2,1,2026-07-16,,,
341,CRM-0341,323,1,13,2,1,2,1,2026-07-16,,,
342,CRM-0342,328,1,9,2,2,2,1,2026-07-16,,,
343,CRM-0343,329,1,1,10,2,2,1,2026-07-16,,,
344,CRM-0344,330,1,13,1,2,2,1,2026-07-16,,,
345,CRM-0345,331,1,13,1,2,2,1,2026-07-16,,,
346,CRM-0346,332,1,1,7,2,2,1,2026-07-16,,,
347,CRM-0347,333,1,2,2,2,2,1,2026-07-16,,,
348,CRM-0348,334,1,9,15,2,2,1,2026-07-16,,,
349,CRM-0349,335,1,4,,2,1,1,2026-07-16,,,
350,CRM-0350,336,1,13,1,2,2,1,2026-07-16,,,
351,CRM-0351,337,1,9,13,2,2,1,2026-07-16,,,
352,CRM-0352,338,1,2,1,,2,1,2026-07-16,,,
353,CRM-0353,339,1,12,1,4,2,1,2026-07-16,,,
354,CRM-0354,340,1,10,1,2,3,1,2026-07-16,,,
355,CRM-0355,341,1,2,2,2,2,1,2026-07-16,,,
356,CRM-0356,342,1,1,3,2,2,1,2026-07-16,,,
357,CRM-0357,343,1,9,1,2,2,1,2026-07-16,,,
358,CRM-0358,344,1,12,2,2,2,1,2026-07-16,,,
359,CRM-0359,345,1,3,2,2,3,1,2026-07-16,,,
360,CRM-0360,346,1,10,14,2,2,1,2026-07-16,,,
361,CRM-0361,347,1,3,1,2,2,1,2026-07-16,,,
362,CRM-0362,348,1,4,1,2,2,1,2026-07-16,,,
363,CRM-0363,349,1,4,8,2,2,1,2026-07-16,,,
364,CRM-0364,350,1,5,2,2,2,1,2026-07-16,,,
365,CRM-0365,351,1,5,1,2,2,1,2026-07-16,,,
366,CRM-0366,352,1,13,1,2,2,1,2026-07-16,,,
367,CRM-0367,353,1,13,9,2,2,1,2026-07-16,,,
368,CRM-0368,354,1,1,1,2,2,1,2026-07-16,,,
369,CRM-0369,355,1,13,1,2,2,1,2026-07-16,,,
370,CRM-0370,356,1,13,2,2,2,1,2026-07-16,,,
371,CRM-0371,357,1,8,2,2,2,1,2026-07-16,,,
372,CRM-0372,358,1,13,11,2,3,1,2026-07-16,,,
373,CRM-0373,359,1,1,1,1,2,1,2026-07-16,,,
374,CRM-0374,360,1,5,1,1,2,1,2026-07-16,,,
375,CRM-0375,361,1,13,1,1,2,1,2026-07-16,,,
376,CRM-0376,362,1,4,5,1,2,1,2026-07-16,,,
377,CRM-0377,363,1,5,1,1,2,1,2026-07-16,,,
378,CRM-0378,364,1,10,6,1,2,1,2026-07-16,,,
379,CRM-0379,365,1,10,1,1,2,1,2026-07-16,,,
380,CRM-0380,366,1,4,1,1,2,1,2026-07-16,,,
381,CRM-0381,367,1,4,2,1,2,1,2026-07-16,,,
382,CRM-0382,368,1,4,2,1,2,1,2026-07-16,,,
383,CRM-0383,369,1,3,1,1,2,1,2026-07-16,,,
384,CRM-0384,370,1,4,1,1,2,1,2026-07-16,,,
385,CRM-0385,371,1,5,1,1,2,1,2026-07-16,,,
386,CRM-0386,372,1,3,1,1,2,1,2026-07-16,,,
387,CRM-0387,373,1,5,1,1,2,1,2026-07-17,,,
388,CRM-0388,374,1,4,1,1,2,1,2026-07-17,,,
389,CRM-0389,375,1,4,1,1,2,1,2026-07-17,,,
390,CRM-0390,376,1,4,10,1,2,1,2026-07-17,,,
391,CRM-0391,377,1,4,1,1,2,1,2026-07-17,,,
392,CRM-0392,378,1,2,1,1,2,1,2026-07-17,,,
393,CRM-0393,379,1,1,1,2,2,1,2026-07-17,,,
394,CRM-0394,380,1,1,2,2,2,1,2026-07-17,,,
395,CRM-0395,381,1,3,2,2,2,1,2026-07-17,,,
396,CRM-0396,382,1,10,2,2,2,1,2026-07-17,,,
397,CRM-0397,383,1,1,1,2,2,1,2026-07-17,,,
398,CRM-0398,384,1,9,5,2,2,1,2026-07-17,,,
399,CRM-0399,197,1,2,1,2,2,1,2026-07-17,,,
400,CRM-0400,385,1,4,7,2,2,1,2026-07-17,,,
401,CRM-0401,386,1,12,,2,2,1,2026-07-17,,,
402,CRM-0402,387,1,4,2,2,2,1,2026-07-17,,,
403,CRM-0403,388,1,4,10,2,2,1,2026-07-17,,,
404,CRM-0404,389,1,2,1,2,2,1,2026-07-17,,,
405,CRM-0405,390,1,5,1,2,2,1,2026-07-17,,,
406,CRM-0406,391,1,1,1,2,2,1,2026-07-17,,,
407,CRM-0407,392,1,9,2,2,2,1,2026-07-17,,,
408,CRM-0408,393,1,4,2,2,2,1,2026-07-17,,,
409,CRM-0409,394,1,1,10,2,2,1,2026-07-17,,,
410,CRM-0410,395,1,9,2,1,2,1,2026-07-17,,,
411,CRM-0411,396,1,12,2,1,2,1,2026-07-17,,,
412,CRM-0412,397,1,9,1,1,2,1,2026-07-17,,,
413,CRM-0413,383,1,9,1,1,2,1,2026-07-17,,,
414,CRM-0414,398,1,10,2,1,2,1,2026-07-17,,,
415,CRM-0415,399,1,2,1,1,2,1,2026-07-17,,,
416,CRM-0416,400,1,1,1,1,2,1,2026-07-17,,,
417,CRM-0417,401,1,4,1,1,2,1,2026-07-17,,,
418,CRM-0418,402,4,13,,1,2,1,2026-06-18,,,
419,CRM-0419,403,4,7,,1,1,1,2026-06-18,,,
420,CRM-0420,404,4,2,,2,5,1,2026-06-18,,,
421,CRM-0421,405,4,13,,2,5,1,2026-06-18,,,
422,CRM-0422,406,4,1,,2,1,1,2026-06-18,,,
423,CRM-0423,407,4,13,,2,2,1,2026-06-18,,,
424,CRM-0424,408,4,13,,2,3,1,2026-06-18,,,
425,CRM-0425,409,4,2,,2,1,1,2026-06-18,,,
426,CRM-0426,410,4,12,,1,2,1,2026-06-18,,,
427,CRM-0427,411,4,6,,2,2,1,2026-06-18,,,
428,CRM-0428,412,4,8,,1,3,1,2026-06-18,,,
429,CRM-0429,413,4,1,,3,3,1,2026-06-18,,,
430,CRM-0430,414,4,2,,4,3,1,2026-06-18,,,
431,CRM-0431,415,4,11,,2,2,1,2026-06-22,,,
432,CRM-0432,416,4,14,,2,1,1,2026-06-22,,,
433,CRM-0433,417,4,12,,6,5,1,2026-06-20,,,
434,CRM-0434,418,4,2,,7,2,1,2026-06-20,,,
435,CRM-0435,419,4,12,,1,3,1,2026-06-20,,,
436,CRM-0436,348,4,2,,1,3,1,2026-06-20,,,
437,CRM-0437,420,4,13,,2,5,1,2026-06-22,,,
438,CRM-0438,421,4,6,,2,1,1,2026-06-22,,,
439,CRM-0439,422,4,2,,2,3,1,2026-06-22,,,
440,CRM-0440,28,4,13,,2,1,1,2026-06-22,,,
441,CRM-0441,423,4,8,,2,3,1,2026-06-22,,,
442,CRM-0442,424,4,6,,2,5,1,2026-06-22,,,
443,CRM-0443,425,4,13,,1,5,1,2026-06-22,,,
444,CRM-0444,426,4,13,,2,1,1,2026-06-22,,,
445,CRM-0445,427,4,1,,7,2,1,2026-06-23,,,
446,CRM-0446,428,4,12,,2,2,1,2026-06-22,,,
447,CRM-0447,429,4,12,,2,2,1,2026-06-22,,,
448,CRM-0448,430,4,7,,2,2,1,2026-06-22,,,
449,CRM-0449,431,4,1,,2,1,1,2026-06-22,,,
450,CRM-0450,432,4,1,,2,2,1,2026-06-22,,,
451,CRM-0452,433,4,13,,2,2,1,2026-06-22,,,
452,CRM-0453,434,4,9,,2,2,1,2026-06-22,,,
453,CRM-0454,435,4,1,,2,2,1,2026-06-22,,,
454,CRM-0455,436,4,1,,2,2,1,2026-06-22,,,
455,CRM-0456,437,4,13,,2,,1,2026-07-21,,,
456,CRM-0457,438,4,9,,2,,1,2026-07-21,,,
457,CRM-0458,439,4,12,,2,1,1,2026-07-21,,,
458,CRM-0459,440,4,2,,2,3,1,2026-07-22,,,
459,CRM-0460,441,4,13,,2,1,1,2026-07-21,,,
460,CRM-0461,442,,,,,,,2026-07-22,,,
461,CRM-0462,443,4,9,,2,,1,2026-07-21,,,
462,CRM-0463,444,4,13,,6,2,1,2026-06-22,,,
463,CRM-0464,445,4,6,,2,2,1,2026-07-24,,,
464,CRM-0465,446,4,12,,4,2,1,2026-07-21,,,
465,CRM-0466,447,4,7,,4,2,1,2026-07-21,,,
466,CRM-0467,448,4,1,,4,2,1,2026-06-25,,,
467,CRM-0468,449,4,8,,3,5,1,2026-06-24,,,
468,CRM-0469,450,4,12,,,,1,2026-07-21,,,
469,CRM-0470,451,4,6,,2,2,1,2026-07-21,,,
470,CRM-0471,452,4,12,,3,2,1,2026-07-21,,,
471,CRM-0472,453,4,2,,1,2,1,2026-07-21,,,
472,CRM-0473,454,4,12,,1,2,1,2026-07-21,,,
473,CRM-0474,455,4,13,,1,2,1,2026-07-21,,,
474,CRM-0475,456,4,2,,1,2,1,2026-07-21,,,
475,CRM-0476,457,4,1,,1,2,1,2026-07-21,,,
476,CRM-0477,458,4,2,,1,2,1,2026-07-21,,,
477,CRM-0478,459,4,13,,1,2,1,2026-07-21,,,
478,CRM-0479,460,4,1,,1,2,1,2026-07-21,,,
479,CRM-0480,461,4,13,,1,2,1,2026-07-21,,,
480,CRM-0481,462,4,12,,1,2,1,2026-07-21,,,
481,CRM-0482,463,4,10,,1,2,1,2026-07-21,,,
482,CRM-0483,464,4,13,,1,2,1,2026-07-21,,,
483,CRM-0484,465,4,1,,1,2,1,2026-07-21,,,
484,CRM-0485,466,4,12,,1,2,1,2026-07-21,,,
485,CRM-0486,467,4,1,,1,2,1,2026-07-21,,,
486,CRM-0487,468,4,12,,2,3,1,2026-07-21,,,
487,CRM-0488,469,4,2,,2,2,1,2026-07-21,,,
488,CRM-0489,470,4,3,,2,2,1,2026-07-21,,,
489,CRM-0490,471,4,2,,2,2,1,2026-07-21,,,
490,CRM-0491,472,4,13,,2,2,1,2026-07-21,,,
491,CRM-0492,473,4,3,,8,2,1,2026-07-21,,,
492,CRM-0493,474,4,6,,8,2,1,2026-07-21,,,
493,CRM-0494,475,4,13,,8,2,1,2026-07-21,,,
494,CRM-0495,476,4,13,,8,2,1,2026-07-21,,,
495,CRM-0496,477,4,6,,8,2,1,2026-07-21,,,
496,CRM-0497,478,4,6,,8,2,1,2026-07-21,,,
497,CRM-0498,479,4,6,,8,2,1,2026-07-21,,,
498,CRM-0499,38,4,6,,8,2,1,2026-07-21,,,
499,CRM-0500,480,4,3,,8,2,1,2026-07-21,,,
500,CRM-0501,481,4,6,,8,2,1,2026-07-21,,,
501,CRM-0502,401,1,4,1,2,2,1,2026-07-18,,,
502,CRM-0503,482,1,4,1,2,2,1,2026-07-18,,,
503,CRM-0504,483,1,1,1,2,2,1,2026-07-18,,,
504,CRM-0505,484,1,2,2,2,2,1,2026-07-18,,,
505,CRM-0506,485,1,13,2,1,2,1,2026-07-18,,,
506,CRM-0507,486,1,13,11,1,2,1,2026-07-18,,,
507,CRM-0508,487,1,13,2,1,2,1,2026-07-18,,,
508,CRM-0509,488,1,9,1,1,2,1,2026-07-18,,,
509,CRM-0510,489,1,12,11,1,2,1,2026-07-18,,,
510,CRM-0511,490,1,12,1,1,2,1,2026-07-18,,,
511,CRM-0512,491,1,4,11,2,2,1,2026-07-18,,,
512,CRM-0513,492,1,12,2,2,2,1,2026-07-18,,,
513,CRM-0514,26,1,4,2,1,2,1,2026-07-18,,,
514,CRM-0515,493,1,2,2,1,2,1,2026-07-18,,,
515,CRM-0516,494,1,2,,1,2,1,2026-07-18,,,
516,CRM-0517,495,1,12,3,2,2,1,2026-07-20,,,
517,CRM-0518,496,1,2,2,2,2,1,2026-07-20,,,
518,CRM-0519,497,1,3,2,2,2,1,2026-07-20,,,
519,CRM-0520,498,1,1,1,2,2,1,2026-07-20,,,
520,CRM-0521,499,1,2,2,2,2,1,2026-07-20,,,
521,CRM-0522,500,1,2,3,2,2,1,2026-07-20,,,
522,CRM-0523,501,1,9,1,2,2,1,2026-07-20,,,
523,CRM-0524,502,1,10,4,2,2,1,2026-07-20,,,
524,CRM-0525,503,1,5,1,2,2,1,2026-07-20,,,
525,CRM-0526,504,1,5,1,2,2,1,2026-07-20,,,
526,CRM-0527,505,1,12,2,2,2,1,2026-07-20,,,
527,CRM-0528,506,1,4,13,2,2,1,2026-07-20,,,
528,CRM-0529,507,1,10,1,2,2,1,2026-07-20,,,
529,CRM-0530,508,1,12,1,2,2,1,2026-07-20,,,
530,CRM-0531,509,1,5,1,2,2,1,2026-07-20,,,
531,CRM-0532,510,1,2,13,2,2,1,2026-07-20,,,
532,CRM-0533,511,1,1,1,2,2,1,2026-07-20,,,
533,CRM-0534,472,1,13,1,2,2,1,2026-07-20,,,
534,CRM-0535,512,1,5,1,2,2,1,2026-07-20,,,
535,CRM-0536,513,1,13,1,2,2,1,2026-07-20,,,
536,CRM-0537,514,1,1,1,2,2,1,2026-07-20,,,
537,CRM-0538,515,1,2,4,2,2,1,2026-07-20,,,
538,CRM-0539,516,1,13,1,2,2,1,2026-07-20,,,
539,CRM-0540,517,1,5,3,2,2,1,2026-07-20,,,
540,CRM-0541,518,1,1,1,2,2,1,2026-07-20,,,
541,CRM-0542,519,1,5,2,2,2,1,2026-07-20,,,
542,CRM-0543,520,1,4,1,2,2,1,2026-07-21,,,
543,CRM-0544,521,1,2,1,2,2,1,2026-07-21,,,
544,CRM-0545,522,1,2,,,2,1,2026-07-21,,,
545,CRM-0546,523,1,12,1,2,2,1,2026-07-21,,,
546,CRM-0547,524,1,,,1,2,1,2026-07-21,,,
547,CRM-0548,524,1,13,1,1,2,1,2026-07-21,,,
548,CRM-0549,525,1,3,2,1,2,1,2026-07-21,,,
549,CRM-0550,218,1,8,2,1,2,1,2026-07-21,,,
550,CRM-0551,526,1,9,2,1,2,1,2026-07-21,,,
551,CRM-0552,527,1,6,,1,2,1,2026-07-21,,,
552,CRM-0553,514,1,9,1,1,2,1,2026-07-21,,,
553,CRM-0554,528,1,13,3,1,2,1,2026-07-21,,,
554,CRM-0555,529,1,5,2,1,2,1,2026-07-21,,,
555,CRM-0556,530,1,4,,1,2,1,2026-07-21,,,
556,CRM-0557,531,1,9,2,1,2,1,2026-07-21,,,
557,CRM-0558,532,1,9,1,1,2,1,2026-07-21,,,
558,CRM-0559,533,1,12,1,1,2,1,2026-07-21,,,
559,CRM-0560,534,1,13,2,1,2,1,2026-07-20,,,
560,CRM-0561,535,1,12,2,1,2,1,2026-07-21,,,
561,CRM-0562,536,1,6,,1,2,1,2026-07-21,,,
562,CRM-0563,537,1,10,11,1,2,1,2026-07-21,,,
563,CRM-0564,538,1,10,3,1,2,1,2026-07-21,,,
564,CRM-0565,539,1,10,1,1,2,1,2026-07-21,,,
565,CRM-0566,540,1,2,12,1,2,1,2026-07-21,,,
566,CRM-0567,541,1,13,8,1,2,1,2026-07-21,,,
567,CRM-0568,542,1,2,2,1,2,1,2026-07-21,,,
568,CRM-0569,543,1,12,1,1,2,1,2026-07-21,,,
569,CRM-0570,544,1,12,1,1,2,1,2026-07-21,,,
570,CRM-0571,545,1,4,,1,2,1,2026-07-21,,,
571,CRM-0572,546,1,13,2,1,2,1,2026-07-21,,,
572,CRM-0573,547,1,12,1,1,2,1,2026-07-21,,,
573,CRM-0574,548,1,12,1,1,2,1,2026-07-21,,,
574,CRM-0575,549,1,5,,1,2,1,2026-07-21,,,
575,CRM-0576,545,1,4,,3,2,1,2026-07-21,,,
576,CRM-0577,550,4,4,3,2,2,1,2026-07-21,,,
577,CRM-0578,551,4,7,4,2,2,1,2026-07-21,,,
578,CRM-0579,552,4,4,4,2,2,1,2026-07-21,,,
579,CRM-0580,553,4,1,1,1,2,1,2026-07-20,,,
580,CRM-0581,554,4,1,1,1,2,1,2026-07-21,,,
